0,19829182587260563; 2,7065185398787183e-24
0,2014825681797993; 2,4967198469881717e-24
0,20277319508710726; 2,283491852130031e-24
0,20581690008105236; 2,060831576322139e-24
0,2089062922778162; 1,8442537494936728e-24
0,21204205746018856; 1,6592563857101266e-24
0,21442473196101883; 1,4684849172327707e-24
0,21764333108214387; 1,3225508630578183e-24
0,2217346040862808; 1,2060244728018746e-24
0,22478366907473196; 1,0974878407400658e-24
0,228781814645502; 1,0043236599395738e-24
0,23187020178075182; 9,32113134236813e-25
0,23535066422946918; 8,597320933133961e-25
0,23977480079400423; 7,971737864337586e-25
0,2442821025554837; 7,356522301961268e-25
0,24905959885100235; 6,754399711677363e-25
0,2551766530262829; 6,1354432866924385e-25
0,2612214568029833; 5,61311823478479e-25
0,2671250274092485; 5,21493853784308e-25
0,2731620179356446; 4,839986250701013e-25
0,2793354436548389; 4,491992904035936e-25
0,2856483879842647; 4,199373349364966e-25
0,29319403623883666; 3,8994598810607333e-25
0,3012594401354617; 3,607054758836196e-25
0,3111982067989661; 3,357138731911602e-25
0,3242133763230316; 3,077892106842623e-25
0,33526601143907614; 2,8619263429568806e-25
0,3466954377424365; 2,6777124304125863e-25
0,35985235374369345; 2,494474803999668e-25
0,3749023742299417; 2,323776249128599e-25
0,39203934595140616; 2,1566975361017034e-25
0,4099596570699216; 2,0182954387846578e-25
0,42869911441419406; 1,8966208334039593e-25
0,4482951615606625; 1,782281481975736e-25
0,46878695365004136; 1,680050297583252e-25
0,49021543562376413; 1,5853251278764345e-25
0,512623424036655; 1,50059886614263e-25
0,5360556926092952; 1,4233477700234075e-25
0,5605590616910314; 1,3528747067806924e-25
0,5861824918123836; 1,2885588856901806e-25
0,6129771815137753; 1,231122231945378e-25
0,6409966696460687; 1,1799083891402772e-25
0,6702969423473034; 1,1366997272421889e-25
0,7009365449093945; 1,0996222125002702e-25
0,7329766987583163; 1,0626522888142673e-25
0,7664814237815017; 1,0333305803622182e-25
0,8015176662468936; 1,0069027405907849e-25
0,8381554325692342; 9,852264104519789e-26
0,8764679291908775; 9,660168644429849e-26
0,9165317088566267; 9,471818583914713e-26
0,95842682357486; 9,316059324425638e-26
1,0022369845705907; 9,18187255253166e-26
1,0480497295500548; 9,040245090734834e-26
1,09595659761105; 8,937775273375643e-26
1,146053312148509; 8,845629137055351e-26
1,1984399721207761; 8,781692677945767e-26
1,2532212520587633; 8,691155712551773e-26
1,3105066112176171; 8,628335791750122e-26
1,370410512288817; 8,592642770749099e-26
1,4330526501097078; 8,548234058605657e-26
1,4985581908274552; 8,512872396155316e-26
1,5670580219953107; 8,486447179585638e-26
1,638689014100889; 8,486447179585638e-26
1,7135942940490434; 8,486447179585638e-26
1,7919235311457655; 8,486447179585638e-26
1,8738332361545609; 8,486447179585638e-26
1,9594870740228314; 8,486447179585638e-26
2,049056190903133; 8,539379895929799e-26
2,1427195561227452; 8,592642770749099e-26
2,240664319784825; 8,646237863348682e-26
2,343086186715696; 8,709188122925637e-26
2,4501898075054473; 8,790798085655333e-26
2,5621891874231846; 8,87317277937067e-26
2,6793081140240145; 8,947042517273275e-26
2,8017806043021314; 9,040245090734834e-26
2,929851372283517; 9,134418568233463e-26
3,0637763179925064; 9,210463194243321e-26
3,203823038769279; 9,34506779876302e-26
3,350271363959909; 9,491470713659045e-26
3,5034139140473592; 9,630182050404942e-26
3,663556685340644; 9,82168121773978e-26
3,831019661390397; 9,985894190214219e-26
4,0061374523525695; 1,0152852711004866e-25
4,189259963577741; 1,0333305803622182e-25
4,380753094761974; 1,0538786805627402e-25
4,580999471056217; 1,072609934976089e-25
4,790399207595056; 1,0939391173682614e-25
5,009370708972451; 1,1156924371907273e-25
5,238351505261945; 1,137878328548277e-25
5,477799126251686; 1,1629132099174228e-25
5,728192015641232; 1,184809616392064e-25
5,990030487026734; 1,2121325633484215e-25
6,2638377235846106; 1,2400856059927705e-25
6,55016082345133; 1,2726337185133589e-25
6,849571892887992; 1,3073902903167228e-25
7,162669189413956; 1,3417049263966143e-25
7,490078317193732; 1,3783478841737284e-25
7,832453477065551; 1,4145249205088014e-25
8,190478773709403; 1,4516514834278616e-25
8,564869582566285; 1,4912971633145643e-25
8,95637397924008; 1,5336140960262013e-25
9,365774234238092; 1,5771318107403737e-25
9,793888376036827; 1,621884380754097e-25
10,241571825596372; 1,6713674194464046e-25
10,70971910558917; 1,7241460163479342e-25
11,199265627758546; 1,7767490163216368e-25
11,711189561978166; 1,8347557821287406e-25
12,246513790747207; 1,8907334414707857e-25
12,80630795302648; 1,9524615363989673e-25
13,391690581499185; 2,0162049115458824e-25
14,003831337527028; 2,0820293611720493e-25
14,643953348267267; 2,1566975361017034e-25
15,313335650620422; 2,224801932880083e-25
16,013315746892157; 2,309371949221388e-25
16,745292277275652; 2,38229751291585e-25
17,51072781449454; 2,472854311082747e-25
18,31115178619018; 2,5668533886667945e-25
19,148163530892855; 2,6644255949010226e-25
20,023435493682904; 2,765706752909243e-25
20,93871656792692; 2,870837848775384e-25
21,895835589766573; 2,9799652278000306e-25
22,896704992342073; 3,093240798216911e-25
23,94332462705215; 3,210822242653248e-25
25,03778575948546; 3,3328732376282276e-25
26,18227524800818; 3,473934379959897e-25
27,379079913356932; 3,613468595276918e-25
28,630591107967668; 3,758607348594526e-25
29,939309494171134; 3,9176873400514947e-25
31,307850040801785; 4,0792706197616297e-25
32,73894724820438; 4,247518330299351e-25
34,235460612077844; 4,422705343163339e-25
35,80038033707441; 4,609892740769545e-25
37,43683331157019; 4,809984819397969e-25
39,14808935554518; 5,008370513562137e-25
40,93756775405714; 5,231176885569078e-25
42,80884408936392; 5,452582182022093e-25
44,76565738534498; 5,701055196712161e-25
46,811917578498374; 5,948509106994483e-25
48,95171333044048; 6,22603025721878e-25
51,1893201975191; 6,503006413407698e-25
53,52920917386322; 6,799347037748188e-25
55,97605562494011; 7,094472230156014e-25
58,5347486294698; 7,433156207405042e-25
61,21040074836254; 7,7799419352860555e-25
63,53330440782109; 8,009000595443768e-25
