4963,494445434547; 1,047580003822554e-27
5050,040008990587; 9,690498772866038e-28
5164,809185076074; 9,067625724775707e-28
5273,063671538244; 8,400915987915699e-28
5383,5871738380265; 7,783227007614801e-28
5496,427250585136; 7,21095446487077e-28
5611,632457218536; 6,705693647064729e-28
5729,252366899998; 6,2126482366566585e-28
5849,337591845592; 5,745143359975054e-28
5971,939805104276; 5,342589738729026e-28
6097,111762792977; 4,9497684305968885e-28
6224,907326797707; 4,594379728109838e-28
6355,381487950508; 4,25657159701396e-28
6488,590389692175; 3,9436012765014026e-28
6624,591352230959; 3,667279020443202e-28
6763,442897207627; 3,3976372525842127e-28
6905,204772877509; 3,141963355677245e-28
7049,9379798203645; 2,921810672375764e-28
7197,704797189118; 2,706980497017749e-28
7348,568809508777; 2,512621851763514e-28
7502,594934037049; 2,3278778510224165e-28
7659,849448698445; 2,152703882335314e-28
7820,400020603875; 2,0055994385711057e-28
7984,315735168022; 1,854677081069893e-28
8151,667125837008; 1,7183093806142168e-28
8322,52620443917; 1,594936388562107e-28
8496,966492171938; 1,477666482171798e-28
8675,063051238281; 1,3741285970188818e-28
8856,892517146209; 1,2707247351192914e-28
9042,533131685237; 1,1772929394665389e-28
9232,064776594076; 1,0948017801768697e-28
9425,569007934027; 1,0143049633771616e-28
9623,129091182798; 9,397267864921958e-29
9824,830037063883; 8,72255289991598e-29
10030,75863812697; 8,15683011206508e-29
10241,003506095005; 7,873201557389656e-29
10455,655109994146; 7,699171104549289e-29
10674,805815082838; 7,557087883758476e-29
10898,54992259688; 7,390044855966298e-29
11126,983710327542; 7,253666360065115e-29
11360,205474050203; 7,093330208095242e-29
11598,315569821325; 6,962427389023851e-29
11841,416457161986; 6,808528827867019e-29
12089,612743146534; 6,682881833979736e-29
12343,011227415329; 6,535162390578197e-29
12601,720948130976; 6,402623071737691e-29
12865,85322889778; 6,272771776543551e-29
13135,521726664647; 6,134117468651338e-29
13410,84248063202; 6,02091630000348e-29
13691,933962183914; 5,887829044131048e-29
13978,917125866528; 5,757683569341943e-29
14271,915461435363; 5,65142924472475e-29
14571,05504699324; 5,526509187301398e-29
14876,464603242128; 5,424521036317479e-29
15188,27554887204; 5,304616592679041e-29
15506,62205711092; 5,206723325947654e-29
15831,64111345981; 5,091633116250343e-29
16163,472574638121; 4,9976703217601367e-29
16502,259228764444; 4,887201051679473e-29
16848,146856798696; 4,7970109186579365e-29
17201,28429527216; 4,690977054750265e-29
17561,823500332266; 4,5958395713375486e-29
17929,919613129845; 4,502631566718795e-29
18305,731026576817; 4,4031047090844125e-29
18689,419453503182; 4,3138055510762155e-29
19081,14999624254; 4,226317465061042e-29
19481,091217676152; 4,140603720773635e-29
19889,41521376608; 4,056628332873439e-29
20306,297687608603; 3,952209170607441e-29
20731,91802503984; 3,8005983414545425e-29
21166,459371825997; 3,675283772255585e-29
21610,10871247161; 3,554101115940452e-29
22063,056950679525; 3,4114018655749006e-29
22525,49899149739; 3,3112325672132583e-29
22997,633825185876; 3,190146942157768e-29
23479,66461284485; 3,073489193519132e-29
23971,798773834198; 2,972149104506676e-29
24474,248075027048; 2,868801806204584e-29
24987,228721933712; 2,769048090758124e-29
25510,96145173559; 2,667789145011423e-29
26045,671628269087; 2,5798259304369266e-29
26591,58933900036; 2,485486487652267e-29
27148,949494032684; 2,4035342158079225e-29
27717,99192718902; 2,3242841010237003e-29
28298,961499213245; 2,2309627271986476e-29
28892,10820313449; 2,165454768928025e-29
29497,687271839946; 2,0823856855779105e-29
30115,95928790237; 2,0174789967404724e-29
30747,190295709574; 2,0099771599419972e-29
31391,65191594417; 2,0099771599419972e-29
32049,621462462794; 2,0099771599419972e-29
32721,38206162513; 2,0099771599419972e-29
33407,22277412408; 2,0099771599419972e-29
34107,438719369464; 2,0099771599419972e-29
34822,33120247886; 2,0099771599419972e-29
35552,20784393012; 2,0099771599419972e-29
36297,38271193142; 2,0099771599419972e-29
37058,17645756582; 2,0099771599419972e-29
37834,916452768484; 2,0099771599419972e-29
38627,93693119555; 2,0099771599419972e-29
39437,5791320464; 2,0099771599419972e-29
40264,19144689961; 1,9987766754202604e-29
41108,12956962706; 1,9437035368783196e-29
41969,7566494501; 1,8796151093489908e-29
42849,4434472038; 1,824423802633283e-29
43747,56849487649; 1,7708530831973283e-29
44664,518258493306; 1,7092771408730106e-29
45600,68730441367; 1,6621807053664882e-29
46556,478469114474; 1,607374740539328e-29
47532,303032531876; 1,5572738524800812e-29
48528,58089503633; 1,5143656278244454e-29
49545,74075811705; 1,4589880894348677e-29
50584,22030885359; 1,4214331789146578e-29
51644,466408253975; 1,3745652201203944e-29
52726,9352835404; 1,3317208624939353e-29
53832,092724465234; 1,295027394703743e-29
54960,41428374178; 1,2476706481241283e-29
56112,38548167616; 1,21555512923244e-29
57288,50201508816; 1,1754754487000718e-29
58489,26997061119; 1,1388365975433278e-29
59715,20604246289; 1,1074577514298926e-29
60966,837754780296; 1,0669600783330973e-29
62244,70368861517; 1,037561676332832e-29
63549,35371368704; 1,005221513152784e-29
64881,349224993945; 9,720770212720515e-30
66241,26338438239; 9,470553875678555e-30
67629,68136718072; 9,124233310033922e-30
69047,20061400192; 8,872829453188917e-30
70494,43108782418; 8,596268783177416e-30
71971,99553645983; 8,312829802653546e-30
73480,5297605257; 8,098854389372887e-30
75020,68288703015; 7,802694326295247e-30
76593,11764869448; 7,587703391631613e-30
78198,51066912874; 7,35119931534916e-30
79837,55275398523; 7,108813171764644e-30
81510,94918821414; 6,912941037827995e-30
83219,42003955; 6,672564880892298e-30
84963,70046835898; 6,476637760978298e-30
86744,541043981; 6,286463666625283e-30
88562,70806770124; 6,079184334427672e-30
90418,98390249316; 5,9116819990296784e-30
92314,16730967094; 5,7061215303121304e-30
94249,07379259921; 5,538572173015492e-30
96224,53594760672; 5,375942582495882e-30
98241,4038222551; 5,1986852487187646e-30
100300,545281117; 5,0366454075215645e-30
102402,84637922097; 4,861511631566743e-30
104549,21174332371; 4,7012162830368325e-30
106740,5649611738; 4,529301535100005e-30
108977,84897893437; 4,3636733901993226e-30
111262,02650693586; 4,211940136014322e-30
113594,08043393321; 4,065482936741515e-30
115975,01425004605; 3,916815776535919e-30
118405,85247856361; 3,787669248128913e-30
120887,64111680031; 3,6491612185345945e-30
123421,44808619168; 3,515718170332642e-30
126008,3636918243; 3,39979676313346e-30
128649,50109159753; 3,269377044955745e-30
131345,99677521884; 3,167472561065522e-30
134099,0110532388; 3,0402966745972528e-30
136909,72855633651; 2,9400510201542298e-30
139779,3587450698; 2,8431106981541007e-30
142709,13643030988; 2,7289581312749126e-30
145700,3223045844; 2,643898174560938e-30
148754,2034845574; 2,542475507607455e-30
151872,09406487952; 2,4586441751933738e-30
155055,33568364722; 2,3687361241280226e-30
158305,29809971378; 2,2821158435045417e-30
161623,3797821008; 2,2068691749282705e-30
165011,00851176388; 2,1261680680027683e-30
168469,64199597124; 2,0522371453478167e-30
172000,76849555958; 1,9808769420103398e-30
175605,90746533763; 1,9084399513089456e-30
179286,6102079121; 1,8386518468208506e-30
183044,46054121823; 1,7780272179096164e-30
186881,0754800415; 1,709820255897465e-30
190798,1059318242; 1,6565262037504027e-30
194797,23740705603; 1,592980146236068e-30
198880,1907445547; 1,5375891854956592e-30
203048,72285194814; 1,5347278209183347e-30
207304,62746167736; 1,584103354087922e-30
211649,73590284522; 1,6259560845574338e-30
216085,917889243; 1,6720261271379804e-30
220615,08232389422; 1,725818845544244e-30
225239,17812046153; 1,7747184120550913e-30
229960,19504187032; 1,825003504984946e-30
234780,16455651008; 1,8767133820122756e-30
239701,16071238148; 1,9370913347543513e-30
244725,30102956586; 1,9882701680792636e-30
249854,74741140063; 2,044606063110509e-30
255091,7070747532; 2,1103854886945486e-30
260438,43349979323; 2,1701814144571985e-30
265897,2273996722; 2,2316716054415185e-30
271470,4377105275; 2,2949040671696846e-30
277160,4626022372; 2,3687361241280226e-30
282969,7505103597; 2,4313192089378987e-30
288900,80118970363; 2,500208510774829e-30
294956,16678997996; 2,5806456583732736e-30
301138,452954; 2,6537659944608992e-30
307450,31993889174; 2,7289581312749126e-30
313894,483760817; 2,8062807714755838e-30
320473,71736368135; 2,896564929634842e-30
327190,85181234096; 2,9730934913442566e-30
334048,77751081827; 3,0065073183015338e-30
341050,44544605224; 3,0065073183015338e-30
348198,86845771724; 3,0065073183015338e-30
355497,1225346573; 3,0065073183015338e-30
362948,3481384937; 3,0065073183015338e-30
370555,7515549757; 3,0065073183015338e-30
378322,6062736552; 3,0065073183015338e-30
386252,25439647946; 3,0065073183015338e-30
394348,1080759084; 3,0065073183015338e-30
402613,6509831739; 3,0065073183015338e-30
411052,4398073153; 3,0065073183015338e-30
419668,10578563303; 3,0065073183015338e-30
428464,3562662228; 3,0065073183015338e-30
437444,97630325536; 3,0065073183015338e-30
446613,8302857026; 3,0065073183015338e-30
455974,86360019265; 3,0065073183015338e-30
465532,10432872304; 3,0065073183015338e-30
475289,6649819569; 3,0065073183015338e-30
485251,7442688494; 3,0065073183015338e-30
495422,62890336517; 3,0065073183015338e-30
505806,695449065; 3,051643972430445e-30
516408,41220235475; 3,167472561065522e-30
527232,3411152071; 3,263292923296565e-30
538283,1397581842; 3,374560017810506e-30
549565,5633246045; 3,476645057867877e-30
561084,4666767177; 3,595186728302548e-30
572844,8064347671; 3,717770263061973e-30
584851,6431098384; 3,815995442855962e-30
597110,1432814143; 3,960835853590923e-30
609625,5818205691; 4,080656536773518e-30
622403,344159763; 4,227660358181543e-30
635448,9286102095; 4,347447414281847e-30
648767,9487278174; 4,4956804579310176e-30
662366,1357287202; 4,648967739880494e-30
676249,3409554373; 4,78069217190301e-30
690423,5383947244; 4,952914463074039e-30
704894,827248199; 5,1027468763946065e-30
719669,4345568463; 5,296427388995198e-30
734753,7178805339; 5,436361407435879e-30
750154,16803369; 5,6217226829176735e-30
765877,411878323; 5,8134041420431156e-30
781930,2151755744; 6,000434001755903e-30
799305,7991896711; 6,20667957408488e-30
815052,2751971962; 6,610709241932031e-30
832135,784447886; 7,580639965282801e-30
849577,3643367419; 8,839836535490112e-30
867384,5200302978; 1,0117963282400745e-29
885564,9140035037; 1,1754754487000718e-29
902564,8331622295; 1,3366912436358995e-29
923076,8730829725; 1,432063408319551e-29
942424,5797028891; 1,442773136204471e-29
962177,8145755071; 1,4698991743312567e-29
982345,077579751; 1,4864189900715758e-29
994303,958292501; 1,5031244677381412e-29
3235,1918395436423; 7,142338311601003e-26
3271,1908469136692; 6,415542818824927e-26
3307,5904266750413; 5,762705134440813e-26
3344,3950361240136; 4,994404562003587e-26
3381,609182154591; 4,486180144956819e-26
3419,237421810421; 4,029672014581619e-26
3476,466300301631; 3,619617585655063e-26
3515,1500452457517; 3,137039664664058e-26
3554,264236509106; 2,8178183971368457e-26
3593,813663804633; 2,6232619531981935e-26
3633,8031701419277; 2,2735210566443147e-26
3674,2376524203014; 2,042170372230964e-26
3735,7345519385767; 1,769902291634201e-26
3777,303257084253; 1,5897992284504804e-26
3819,334510417837; 1,4280232297162943e-26
3883,2599428021927; 1,194144609962747e-26
3970,1612912435517; 9,985701351555612e-27
4036,6111600586846; 8,056836562353077e-27
4104,173221739954; 6,982675730160903e-27
4172,86609141774; 6,051725137432593e-27
4242,708695789855; 5,244891579433206e-27
4289,918663292172; 4,545627412893384e-27
4361,72041427697; 3,939591174367148e-27
4410,254662979108; 3,414353445935528e-27
4508,949337769828; 2,855157870773339e-27
4609,852646659122; 2,387546162434666e-27
4661,147941538831; 2,1445924246043397e-27
4713,014015460404; 1,8586691387466918e-27
4791,897249686163; 1,6108659751359169e-27
4872,100778021277; 1,3961006484458725e-27
4926,31419117091; 1,20996845837937e-27
